names,label
10045.jpg,2
9807.jpg,1
13930.jpg,3
9826.jpg,8
13961.jpg,6
10286.jpg,4
10843.jpg,6
10814.jpg,8
10101.jpg,3
10727.jpg,2
13933.jpg,4
10939.jpg,6
9718.jpg,0
10554.jpg,9
9791.jpg,1
10196.jpg,0
10709.jpg,8
9822.jpg,1
10511.jpg,8
10870.jpg,6
10317.jpg,4
10334.jpg,4
13939.jpg,2
10321.jpg,3
10773.jpg,8
10962.jpg,0
9792.jpg,1
10204.jpg,3
10081.jpg,2
10668.jpg,8
9916.jpg,3
10295.jpg,4
10075.jpg,2
13932.jpg,3
9716.jpg,0
9895.jpg,1
10119.jpg,3
10729.jpg,8
10151.jpg,3
10742.jpg,5
10127.jpg,4
9962.jpg,6
10619.jpg,3
9785.jpg,1
10400.jpg,5
10591.jpg,6
9683.jpg,0
9817.jpg,1
10080.jpg,0
10287.jpg,4
10887.jpg,5
10018.jpg,2
10145.jpg,8
10576.jpg,2
10799.jpg,2
10156.jpg,3
13914.jpg,0
10013.jpg,2
9787.jpg,1
9974.jpg,8
10957.jpg,8
10379.jpg,1
10877.jpg,3
9873.jpg,1
10763.jpg,5
10689.jpg,3
9790.jpg,4
10502.jpg,8
10768.jpg,9
10491.jpg,5
10399.jpg,5
9975.jpg,2
10613.jpg,6
10068.jpg,8
9796.jpg,1
10513.jpg,6
10589.jpg,6
10404.jpg,2
9751.jpg,0
10392.jpg,0
9757.jpg,5
10425.jpg,0
10412.jpg,0
9777.jpg,0
10936.jpg,6
10062.jpg,2
9739.jpg,0
10656.jpg,3
10328.jpg,4
10581.jpg,9
10506.jpg,5
9661.jpg,2
10245.jpg,4
9654.jpg,0
10842.jpg,8
10512.jpg,1
10915.jpg,9
10376.jpg,5
10562.jpg,2
9685.jpg,0
10612.jpg,1
10388.jpg,5
10528.jpg,1
10523.jpg,2
9908.jpg,1
10389.jpg,4
10060.jpg,2
10192.jpg,3
10937.jpg,8
9793.jpg,3
10593.jpg,4
10713.jpg,8
9698.jpg,2
9888.jpg,1
10272.jpg,4
10231.jpg,3
10458.jpg,5
10077.jpg,8
10318.jpg,1
9814.jpg,1
10844.jpg,8
10396.jpg,5
10046.jpg,6
10568.jpg,6
13920.jpg,1
10166.jpg,3
10645.jpg,8
10906.jpg,6
10319.jpg,4
9864.jpg,1
10254.jpg,4
9660.jpg,0
14461.jpg,9
10559.jpg,8
10113.jpg,3
10002.jpg,2
10587.jpg,6
10775.jpg,6
10108.jpg,3
9668.jpg,0
10343.jpg,4
9662.jpg,0
10022.jpg,2
10269.jpg,8
9983.jpg,2
10130.jpg,3
10205.jpg,3
13926.jpg,2
10341.jpg,4
10180.jpg,3
10621.jpg,2
9845.jpg,1
10702.jpg,2
10281.jpg,0
10383.jpg,0
10838.jpg,8
10542.jpg,6
10810.jpg,8
13956.jpg,8
9700.jpg,8
13913.jpg,0
9782.jpg,1
10220.jpg,9
10489.jpg,5
9696.jpg,2
10731.jpg,8
10592.jpg,8
10015.jpg,8
10905.jpg,6
10362.jpg,4
10426.jpg,5
13955.jpg,6
10503.jpg,5
10672.jpg,3
10311.jpg,4
9850.jpg,1
10817.jpg,8
9969.jpg,2
9896.jpg,1
10953.jpg,8
14451.jpg,8
9840.jpg,3
10639.jpg,8
10019.jpg,2
10841.jpg,8
10480.jpg,1
10316.jpg,4
10677.jpg,7
10403.jpg,5
10034.jpg,2
9892.jpg,1
10662.jpg,8
9669.jpg,0
10177.jpg,3
10191.jpg,3
10895.jpg,9
10457.jpg,1
10808.jpg,8
9676.jpg,0
9898.jpg,1
10959.jpg,6
9877.jpg,1
10219.jpg,5
9648.jpg,2
10298.jpg,4
10754.jpg,2
9769.jpg,0
10857.jpg,6
10615.jpg,9
10031.jpg,3
9879.jpg,1
10630.jpg,6
10229.jpg,2
9958.jpg,2
10348.jpg,4
13962.jpg,7
9717.jpg,2
10299.jpg,4
10876.jpg,9
10153.jpg,3
10791.jpg,8
10751.jpg,7
10633.jpg,6
14457.jpg,9
10090.jpg,4
10692.jpg,5
9772.jpg,0
9674.jpg,0
10671.jpg,9
10893.jpg,8
9672.jpg,0
10720.jpg,6
9749.jpg,0
9990.jpg,2
10064.jpg,2
9844.jpg,1
9867.jpg,1
13935.jpg,1
10381.jpg,4
10710.jpg,8
10040.jpg,2
10560.jpg,9
10120.jpg,3
10659.jpg,8
10074.jpg,2
10030.jpg,8
10546.jpg,2
9798.jpg,1
10300.jpg,4
10670.jpg,8
9784.jpg,1
10519.jpg,6
10168.jpg,3
10291.jpg,3
10173.jpg,3
10118.jpg,3
10508.jpg,5
10610.jpg,1
10125.jpg,3
10918.jpg,9
9924.jpg,1
10355.jpg,4
10241.jpg,5
10375.jpg,3
9955.jpg,2
10931.jpg,6
10848.jpg,9
10504.jpg,5
9778.jpg,0
10184.jpg,3
9885.jpg,1
10767.jpg,8
10878.jpg,9
10697.jpg,3
10781.jpg,3
10350.jpg,4
9945.jpg,1
10832.jpg,8
9835.jpg,1
9641.jpg,0
10933.jpg,8
10750.jpg,8
10495.jpg,0
10051.jpg,2
10397.jpg,5
9673.jpg,0
10102.jpg,3
